Query_ID,Precision@K,Recall@K,MRR
0,0.4,0.6666666666666666,1.0
1,0.6,1,1.0
2,0.4,0.6666666666666666,1.0
AVG,0.466667,0.777777777777778,1.0
