Query_ID,Precision@K,Recall@K,MRR
0,0.6,1.0,0.9
1,0.2,1.0,0.9
2,0.4,1.0,0.9
3,0.4,1.0,0.9
4,0.4,1.0,0.9
5,0.6,1.0,0.9
6,0.4,1.0,0.9
7,0.4,0.6666666666666666,0.9
8,0.2,1.0,0.9
9,0.4,1.0,0.9
AVG,0.4000000000000001,0.9666666666666666,0.9
