Query_ID,Precision@K,Recall@K,MRR
0,0.8,0.5714285714285714,0.8833333333333334
1,0.2,0.16666666666666666,0.8833333333333334
2,0.6,0.75,0.8833333333333334
3,1.0,0.8333333333333334,0.8833333333333334
4,1.0,1.0,0.8833333333333334
5,0.6,1.0,0.8833333333333334
6,0.8,0.6666666666666666,0.8833333333333334
7,0.6,0.75,0.8833333333333334
8,0.8,0.8,0.8833333333333334
9,0.4,0.3333333333333333,0.8833333333333334
AVG,0.6799999999999999,0.687142857142857,0.8833333333333334
